{
  "cv_accuracy": 0.7977777777777777,
  "cv_std": 0.1399117887884195,
  "test_accuracy": 0.75,
  "n_train": 48,
  "n_test": 12,
  "embedding_model": "fast",
  "classifier_type": "logistic"
}