{
  "cv_accuracy": 0.7346774193548388,
  "cv_std": 0.08400123645713045,
  "test_accuracy": 0.9,
  "n_train": 158,
  "n_test": 40,
  "embedding_model": "fast",
  "classifier_type": "mlp"
}