{
  "cv_accuracy": 0.8986301369863015,
  "cv_std": 0.026843723208582772,
  "test_accuracy": 0.967391304347826,
  "n_train": 365,
  "n_test": 92,
  "embedding_model": "fast",
  "classifier_type": "mlp"
}